GeneName,pvalue,log2FoldChange
ELF3,0.0001,-1.891271627
LBH,0,1.857242964
MARCHF4,0,3.222938508
TNS1,0.8,3.232365124
F2RL1,0,1.955634976
TGFBI,0,1.599363435
PCDH1,0,3.456335274
ADAM19,0.9,3.500965553
SERPINE1,0,2.935462961
TGFBR1,0,2.088462907
MUC5AC,0.001,-2.449887461
EHF,0.02,-2.834917083
PHLDB1,0,2.211132269
NTS,0.6,-2.446716175
ULK1,0,2.041243855
COL4A1,0.002,2.115357588
FRMD6,0,2.924609373
PLEK2,0,2.568728123
GREM1,0,2.878271248
LINC02086,0.7,3.284214143
